<?xml version="1.0" encoding="UTF-8"?>
<project-private xmlns="http://www.netbeans.org/ns/project-private/1">
    <editor-bookmarks xmlns="http://www.netbeans.org/ns/editor-bookmarks/2" lastBookmarkId="0"/>
    <open-files xmlns="http://www.netbeans.org/ns/projectui-open-files/2">
        <group>
            <file>file:/C:/Users/DAW_T/Documents/NetBeansProjects/GestionCineApp/src/gestioncineapp/Asiento.java</file>
            <file>file:/C:/Users/DAW_T/Documents/NetBeansProjects/GestionCineApp/src/gestioncineapp/Espectador.java</file>
            <file>file:/C:/Users/DAW_T/Documents/NetBeansProjects/GestionCineApp/src/gestioncineapp/Pelicula.java</file>
            <file>file:/C:/Users/DAW_T/Documents/NetBeansProjects/GestionCineApp/src/gestioncineapp/Cine.java</file>
            <file>file:/C:/Users/DAW_T/Documents/NetBeansProjects/GestionCineApp/src/gestioncineapp/GestionCineApp.java</file>
        </group>
    </open-files>
</project-private>
